epoch,time,train/box_loss,train/cls_loss,train/dfl_loss,metrics/precision(B),metrics/recall(B),metrics/mAP50(B),metrics/mAP50-95(B),val/box_loss,val/cls_loss,val/dfl_loss,lr/pg0,lr/pg1,lr/pg2
1,44.4548,0.88323,4.30098,0.99116,0.00342,0.92121,0.27393,0.18282,0.99844,4.06091,0.96445,0.0005001,0.0005001,0.0005001
2,46.6769,0.87859,3.04508,0.9333,0.00361,0.90606,0.47766,0.33526,0.75722,3.81807,0.86062,0.00104531,0.00104531,0.00104531
3,48.8052,0.88622,2.51636,1.00311,0.76716,0.13921,0.30452,0.17969,0.81634,3.92844,0.96082,0.00157953,0.00157953,0.00157953
4,50.7726,0.931,2.42706,1.0253,0.80211,0.11593,0.17461,0.10667,0.76613,3.82642,1.01506,0.00161749,0.00161749,0.00161749
5,52.8191,0.83623,1.92587,0.99158,0.00362,0.82121,0.31469,0.19675,0.78582,3.66541,1.01504,0.00160099,0.00160099,0.00160099
6,54.8437,0.83501,1.8098,0.98719,1,0.08747,0.44317,0.30639,0.84927,3.5209,1.02257,0.00158448,0.00158448,0.00158448
7,57.0712,0.7868,1.52347,0.98635,0.4473,0.32121,0.3371,0.23219,0.85267,3.33713,1.09301,0.00156798,0.00156798,0.00156798
8,59.741,0.7776,1.66514,1.05163,0.50571,0.44598,0.3492,0.27388,0.86449,4.01924,1.06417,0.00155148,0.00155148,0.00155148
9,62.3819,0.80191,1.43478,1.02931,0.50118,0.41345,0.28956,0.24696,0.88132,8.89021,1.14156,0.00153497,0.00153497,0.00153497
10,64.8048,0.84356,1.60702,1.06214,0.52136,0.35271,0.40075,0.32704,1.09878,3.3582,1.35173,0.00151847,0.00151847,0.00151847
11,67.3005,0.76394,1.34844,0.98487,0.86654,0.58512,0.6334,0.53431,0.82953,2.15796,1.15673,0.00150197,0.00150197,0.00150197
12,69.6933,0.7325,1.21366,0.93316,0.82702,0.68701,0.72716,0.63206,0.69609,1.94305,1.05175,0.00148546,0.00148546,0.00148546
13,71.9841,0.77662,1.38079,1.0043,0.87528,0.68631,0.69729,0.59742,0.70615,1.88219,1.05061,0.00146896,0.00146896,0.00146896
14,74.0206,0.75027,1.37535,1.02087,0.99601,0.79006,0.85039,0.74218,0.59629,1.36888,0.96396,0.00145246,0.00145246,0.00145246
15,76.0123,0.74102,1.13162,1.01008,0.86093,0.8435,0.88899,0.75485,0.62331,1.45957,0.96449,0.00143595,0.00143595,0.00143595
16,78.065,0.75973,1.24682,1.00583,0.97884,0.82743,0.91459,0.8096,0.59638,1.19176,0.94869,0.00141945,0.00141945,0.00141945
17,80.0524,0.73326,1.14255,1.00093,0.91315,0.84795,0.9168,0.80865,0.54374,1.08628,0.94628,0.00140295,0.00140295,0.00140295
18,82.0385,0.6748,1.21322,0.91526,0.97766,0.82121,0.91949,0.78607,0.60103,1.07179,0.97392,0.00138644,0.00138644,0.00138644
19,84.0621,0.65789,0.97074,0.96235,0.95432,0.8525,0.91262,0.77404,0.59158,1.20728,0.96206,0.00136994,0.00136994,0.00136994
20,86.0997,0.72624,0.99905,0.96023,0.86287,0.91109,0.91577,0.76999,0.61275,1.12341,0.94646,0.00135344,0.00135344,0.00135344
21,88.0012,0.7478,0.98918,1.04234,0.9429,0.82727,0.93513,0.82564,0.52689,1.09485,0.91922,0.00133693,0.00133693,0.00133693
22,90.0082,0.72844,0.93413,0.982,1,0.89854,0.95533,0.84161,0.58035,0.95189,0.95423,0.00132043,0.00132043,0.00132043
23,92.0112,0.70491,1.02126,1.01474,0.96591,0.91584,0.94894,0.82889,0.56454,0.90881,0.94102,0.00130393,0.00130393,0.00130393
24,93.9927,0.62827,0.9258,0.97168,0.92853,0.88788,0.93886,0.83202,0.50585,0.88658,0.93576,0.00128742,0.00128742,0.00128742
25,95.8707,0.69555,0.86293,0.95816,0.8574,0.92121,0.92,0.81128,0.5161,0.96617,0.93205,0.00127092,0.00127092,0.00127092
26,97.8149,0.64119,0.82769,0.93405,0.94607,0.84443,0.89721,0.80891,0.47673,0.98706,0.92275,0.00125442,0.00125442,0.00125442
27,99.7551,0.6522,0.99177,0.98119,0.98939,0.92121,0.94584,0.83232,0.49151,0.84288,0.92637,0.00123791,0.00123791,0.00123791
28,101.691,0.64303,0.85494,0.94629,0.91878,0.8617,0.92612,0.82824,0.51986,0.86115,0.92026,0.00122141,0.00122141,0.00122141
29,103.6,0.58986,0.85645,0.96143,0.91938,0.88788,0.92341,0.82964,0.50649,0.80726,0.93426,0.00120491,0.00120491,0.00120491
30,105.542,0.63125,0.78885,0.93789,0.88999,0.88229,0.90303,0.79242,0.53778,0.79889,0.94708,0.0011884,0.0011884,0.0011884
31,107.573,0.66775,0.77798,0.97021,0.90105,0.88788,0.896,0.80236,0.47212,0.80923,0.9329,0.0011719,0.0011719,0.0011719
32,109.544,0.58745,0.86022,0.90463,0.91083,0.84369,0.91469,0.81291,0.5219,0.88567,0.94401,0.0011554,0.0011554,0.0011554
33,111.459,0.64761,0.81986,0.95613,0.91138,0.88788,0.90801,0.79415,0.55504,0.79308,0.95882,0.00113889,0.00113889,0.00113889
34,113.429,0.57649,0.69739,0.92487,0.95509,0.84914,0.89411,0.79162,0.5262,0.85906,0.95008,0.00112239,0.00112239,0.00112239
35,115.381,0.5953,0.76665,0.92506,0.94797,0.80901,0.85633,0.77408,0.53359,1.1057,0.94811,0.00110589,0.00110589,0.00110589
36,117.364,0.54863,0.75509,0.91153,0.95646,0.88788,0.89567,0.80422,0.50192,0.83055,0.93154,0.00108938,0.00108938,0.00108938
37,119.291,0.65397,0.72245,0.96835,0.96348,0.91971,0.91608,0.83969,0.48241,0.79616,0.92812,0.00107288,0.00107288,0.00107288
38,121.19,0.62107,0.71041,0.97498,0.99463,0.91452,0.9275,0.86245,0.43617,0.76402,0.92062,0.00105638,0.00105638,0.00105638
39,123.142,0.61022,0.76696,0.97175,0.92969,0.94483,0.94647,0.87617,0.44054,0.66901,0.91538,0.00103987,0.00103987,0.00103987
40,125.119,0.60683,0.70845,0.9611,0.94576,0.90368,0.94203,0.85339,0.49093,0.67675,0.91844,0.00102337,0.00102337,0.00102337
41,127.065,0.5988,0.61638,0.9415,0.99376,0.89538,0.94825,0.8573,0.44611,0.66224,0.92552,0.00100687,0.00100687,0.00100687
42,129.092,0.55133,0.59952,0.90475,0.99803,0.92121,0.95061,0.87765,0.43058,0.65362,0.91981,0.000990365,0.000990365,0.000990365
43,131.087,0.6099,0.65576,0.97256,0.99532,0.91854,0.94988,0.87326,0.44296,0.64388,0.91292,0.000973861,0.000973861,0.000973861
44,133.068,0.59619,0.65142,0.91892,0.99827,0.92045,0.95094,0.85288,0.40334,0.60757,0.91144,0.000957358,0.000957358,0.000957358
45,135.013,0.50732,0.57523,0.88563,0.95995,0.92121,0.94545,0.86269,0.43502,0.61956,0.91317,0.000940855,0.000940855,0.000940855
46,136.942,0.55864,0.64422,0.93781,0.91616,0.94951,0.95074,0.87585,0.43424,0.63625,0.90268,0.000924352,0.000924352,0.000924352
47,138.826,0.52932,0.60751,0.89521,1,0.94079,0.96081,0.88123,0.40129,0.56991,0.89478,0.000907848,0.000907848,0.000907848
48,140.8,0.52092,0.55974,0.89473,0.96354,0.93939,0.96235,0.88237,0.44162,0.57155,0.91105,0.000891345,0.000891345,0.000891345
49,142.764,0.51208,0.59355,0.88897,0.96114,0.93627,0.95602,0.87024,0.43832,0.58665,0.92288,0.000874842,0.000874842,0.000874842
50,144.633,0.55726,0.59429,0.93441,0.96609,0.90813,0.94982,0.87231,0.44661,0.61235,0.93387,0.000858338,0.000858338,0.000858338
51,146.494,0.55033,0.58468,0.93982,0.99778,0.91718,0.95214,0.87242,0.44304,0.57972,0.93202,0.000841835,0.000841835,0.000841835
52,148.512,0.51766,0.573,0.93054,0.99241,0.9169,0.95081,0.87509,0.42727,0.55649,0.92851,0.000825332,0.000825332,0.000825332
53,150.399,0.54503,0.57438,0.93972,0.9966,0.88788,0.94594,0.87121,0.42529,0.57423,0.9242,0.000808828,0.000808828,0.000808828
54,151.883,0.50026,0.56066,0.90428,0.99521,0.88788,0.93917,0.85905,0.43459,0.65763,0.92184,0.000792325,0.000792325,0.000792325
55,154.015,0.5108,0.57793,0.92368,0.9929,0.8863,0.94062,0.86215,0.40572,0.60251,0.90894,0.000775822,0.000775822,0.000775822
56,157.15,0.54041,0.53114,0.92589,0.95053,0.91496,0.93805,0.87141,0.37593,0.55465,0.90327,0.000759318,0.000759318,0.000759318
57,159.933,0.52129,0.5519,0.92347,0.95526,0.88788,0.93053,0.86161,0.41192,0.56211,0.91519,0.000742815,0.000742815,0.000742815
58,162.804,0.46643,0.53346,0.87952,0.99298,0.88434,0.93429,0.85942,0.41504,0.58113,0.91371,0.000726312,0.000726312,0.000726312
59,165.229,0.46411,0.48857,0.87644,0.99473,0.92121,0.94244,0.87397,0.43577,0.56794,0.9184,0.000709809,0.000709809,0.000709809
60,167.148,0.45779,0.49799,0.88399,0.9958,0.92121,0.94129,0.87037,0.43318,0.5861,0.92294,0.000693305,0.000693305,0.000693305
61,169.057,0.4831,0.56367,0.91613,0.99648,0.92121,0.938,0.87095,0.42243,0.58279,0.92612,0.000676802,0.000676802,0.000676802
62,170.975,0.46696,0.48355,0.90445,0.99769,0.92121,0.94749,0.87646,0.40271,0.53624,0.91829,0.000660299,0.000660299,0.000660299
63,172.886,0.4952,0.50308,0.89279,0.99966,0.92013,0.94787,0.88319,0.40325,0.53176,0.91676,0.000643795,0.000643795,0.000643795
64,174.811,0.4542,0.51708,0.90799,0.92695,0.94132,0.95098,0.88313,0.40504,0.50028,0.91816,0.000627292,0.000627292,0.000627292
65,176.811,0.51774,0.5107,0.91705,0.92058,0.94089,0.94985,0.8811,0.40827,0.50223,0.91659,0.000610789,0.000610789,0.000610789
66,179.066,0.4783,0.49706,0.88052,0.99474,0.88531,0.94855,0.87804,0.40034,0.51977,0.91913,0.000594286,0.000594286,0.000594286
67,181.261,0.45376,0.46206,0.87489,0.994,0.88679,0.94864,0.87462,0.38676,0.47885,0.9142,0.000577782,0.000577782,0.000577782
68,183.782,0.51924,0.46607,0.91835,0.99384,0.88745,0.94495,0.88754,0.3811,0.48667,0.90494,0.000561279,0.000561279,0.000561279
69,185.634,0.516,0.47291,0.91008,0.97954,0.91683,0.94045,0.87941,0.39362,0.52713,0.90842,0.000544776,0.000544776,0.000544776
70,187.696,0.47033,0.48648,0.89101,0.98536,0.92121,0.93875,0.88111,0.40552,0.51946,0.91608,0.000528272,0.000528272,0.000528272
71,189.778,0.45926,0.44001,0.88567,0.98419,0.92121,0.93731,0.87916,0.41153,0.52334,0.91023,0.000511769,0.000511769,0.000511769
72,191.883,0.4546,0.44255,0.89797,0.99024,0.92121,0.9425,0.8809,0.40254,0.4969,0.89807,0.000495266,0.000495266,0.000495266
73,194.004,0.68862,0.81347,0.93938,0.99171,0.92121,0.94368,0.88328,0.38766,0.49823,0.89398,0.000478762,0.000478762,0.000478762
74,196.127,0.45561,0.45232,0.89305,0.99586,0.92121,0.9425,0.86828,0.40808,0.51066,0.91186,0.000462259,0.000462259,0.000462259
75,198.238,0.43912,0.45328,0.92247,0.99081,0.92121,0.93184,0.86631,0.41267,0.51746,0.91161,0.000445756,0.000445756,0.000445756
76,200.288,0.45731,0.43869,0.90858,0.98242,0.90717,0.92,0.85967,0.39273,0.52063,0.91282,0.000429253,0.000429253,0.000429253
77,202.508,0.41345,0.42663,0.864,0.9815,0.91011,0.92849,0.87024,0.4028,0.50573,0.92075,0.000412749,0.000412749,0.000412749
78,204.685,0.4635,0.50779,0.92038,0.98622,0.91965,0.93552,0.8648,0.43191,0.51551,0.92898,0.000396246,0.000396246,0.000396246
79,206.798,0.43804,0.43488,0.91733,0.99227,0.92121,0.93216,0.87053,0.4339,0.51608,0.92799,0.000379743,0.000379743,0.000379743
80,209.015,0.39937,0.43261,0.88602,0.99127,0.92121,0.92714,0.86163,0.43668,0.51857,0.92796,0.000363239,0.000363239,0.000363239
81,211.221,0.44955,0.44516,0.91697,0.98843,0.92121,0.92,0.85709,0.44727,0.5332,0.9303,0.000346736,0.000346736,0.000346736
82,213.458,0.45103,0.45149,0.86273,0.98493,0.91858,0.92,0.86828,0.42384,0.52131,0.92724,0.000330233,0.000330233,0.000330233
83,215.582,0.41941,0.42686,0.85686,0.98693,0.92005,0.92,0.86589,0.40602,0.48723,0.92204,0.000313729,0.000313729,0.000313729
84,218.071,0.43817,0.40759,0.89811,0.9934,0.92121,0.929,0.87218,0.39223,0.4811,0.91819,0.000297226,0.000297226,0.000297226
85,220.517,0.42705,0.39956,0.86653,0.99444,0.92121,0.93048,0.87784,0.38697,0.47632,0.91602,0.000280723,0.000280723,0.000280723
86,223.1,0.46658,0.43591,0.89967,0.99332,0.92121,0.93,0.87383,0.39339,0.46884,0.91673,0.00026422,0.00026422,0.00026422
87,225.721,0.38503,0.39193,0.88481,0.99237,0.92121,0.93154,0.8743,0.38126,0.46177,0.91161,0.000247716,0.000247716,0.000247716
88,228.257,0.42992,0.43962,0.87641,0.99044,0.92121,0.93406,0.88201,0.37058,0.4703,0.90618,0.000231213,0.000231213,0.000231213
89,230.678,0.41575,0.42492,0.88931,0.98883,0.92116,0.935,0.87273,0.37305,0.47701,0.90444,0.00021471,0.00021471,0.00021471
90,233.126,0.38247,0.40434,0.87262,0.98849,0.92029,0.93216,0.87819,0.36863,0.47939,0.9034,0.000198206,0.000198206,0.000198206
91,275.165,0.3632,0.40819,0.8462,0.98662,0.92003,0.92849,0.87551,0.36142,0.47628,0.9023,0.000181703,0.000181703,0.000181703
92,277.92,0.3882,0.41637,0.88457,0.98512,0.92121,0.92,0.87157,0.37279,0.49548,0.90501,0.0001652,0.0001652,0.0001652
93,280.302,0.37553,0.39172,0.88793,0.98299,0.92121,0.92,0.87047,0.38723,0.50261,0.91237,0.000148696,0.000148696,0.000148696
94,282.646,0.35569,0.38561,0.85744,0.97109,0.9142,0.92,0.86487,0.40348,0.52551,0.92125,0.000132193,0.000132193,0.000132193
95,285.087,0.33498,0.37665,0.81353,0.97788,0.92121,0.92,0.86415,0.4005,0.52037,0.92404,0.00011569,0.00011569,0.00011569
96,287.546,0.33153,0.36994,0.86227,0.98492,0.91987,0.92,0.86875,0.38986,0.51375,0.92296,9.91865e-05,9.91865e-05,9.91865e-05
97,290.017,0.3882,0.40323,0.85231,0.99507,0.92121,0.92,0.86927,0.3863,0.50653,0.92479,8.26832e-05,8.26832e-05,8.26832e-05
98,292.434,0.39343,0.45328,0.8633,0.98044,0.92121,0.92,0.86951,0.37819,0.49863,0.92215,6.61799e-05,6.61799e-05,6.61799e-05
99,294.816,0.34276,0.37777,0.87756,0.9785,0.92121,0.92,0.87431,0.37111,0.49902,0.9182,4.96766e-05,4.96766e-05,4.96766e-05
100,297.234,0.36993,0.37459,0.8781,0.9804,0.92121,0.92,0.87056,0.37089,0.49633,0.91505,3.31733e-05,3.31733e-05,3.31733e-05
